Column1,Column2,Column3
test1,one column,"If you have <i><b>authoring access</b> to a SharePoint site</i>, you can use it to export an Excel table to a SharePoint list. 
<br>This way other people can view, edit, and update the table data in the SharePoint list. You can create a one-way connection to the SharePoint list:<br>
<table style=""width:100%"">
  <tr>
    <th>Firstname</th>
    <th>Lastname</th>
    <th>Age</th>
  </tr>
  <tr>
    <td>Jill</td>
    <td>Smith</td>
    <td>50</td>
  </tr>
  <tr>
    <td>Eve</td>
    <td>Jackson</td>
    <td>94</td>
  </tr>
</table>
<br>And this is the last sentences"
test2,two column,"Using structured references  <p>  Instead of using cell references, such as A1 and R1C1, you can use structured references that reference table names in a formula. </p>
For more information, see Using structured references with Excel tables."
test2,two column,"Using structured references  <p>  Instead of using cell references, such as A1 and R1C1, you can use structured references that reference table names in a formula. </p>
For more information, see Using structured references with Excel tables."
test2,two column,"Using structured references  <p>  Instead of using cell references, such as A1 and R1C1, you can use structured references that reference table names in a formula. </p>
For more information, see Using structured references with Excel tables."
test2,two column,"Using structured references  <p>  Instead of using cell references, such as A1 and R1C1, you can use structured references that reference table names in a formula. </p>
For more information, see Using structured references with Excel tables."
test2,two column,"Using structured references  <p>  Instead of using cell references, such as A1 and R1C1, you can use structured references that reference table names in a formula. </p>
For more information, see Using structured references with Excel tables."
test2,two column,"Using structured references  <p>  Instead of using cell references, such as A1 and R1C1, you can use structured references that reference table names in a formula. </p>
For more information, see Using structured references with Excel tables."
test2,two column,"Using structured references  <p>  Instead of using cell references, such as A1 and R1C1, you can use structured references that reference table names in a formula. </p>
For more information, see Using structured references with Excel tables."
test2,two column,"Using structured references  <p>  Instead of using cell references, such as A1 and R1C1, you can use structured references that reference table names in a formula. </p>
For more information, see Using structured references with Excel tables."
test2,two column,"Using structured references  <p>  Instead of using cell references, such as A1 and R1C1, you can use structured references that reference table names in a formula. </p>
For more information, see Using structured references with Excel tables."
test2,two column,"Using structured references  <p>  Instead of using cell references, such as A1 and R1C1, you can use structured references that reference table names in a formula. </p>
For more information, see Using structured references with Excel tables."
test2,two column,"Using structured references  <p>  Instead of using cell references, such as A1 and R1C1, you can use structured references that reference table names in a formula. </p>
For more information, see Using structured references with Excel tables."
test2,two column,"Using structured references  <p>  Instead of using cell references, such as A1 and R1C1, you can use structured references that reference table names in a formula. </p>
For more information, see Using structured references with Excel tables."
test2,two column,"Using structured references  <p>  Instead of using cell references, such as A1 and R1C1, you can use structured references that reference table names in a formula. </p>
For more information, see Using structured references with Excel tables."
test2,two column,"Using structured references  <p>  Instead of using cell references, such as A1 and R1C1, you can use structured references that reference table names in a formula. </p>
For more information, see Using structured references with Excel tables."
test2,two column,"Using structured references  <p>  Instead of using cell references, such as A1 and R1C1, you can use structured references that reference table names in a formula. </p>
For more information, see Using structured references with Excel tables."
test2,two column,"Using structured references  <p>  Instead of using cell references, such as A1 and R1C1, you can use structured references that reference table names in a formula. </p>
For more information, see Using structured references with Excel tables."
test2,two column,"Using structured references  <p>  Instead of using cell references, such as A1 and R1C1, you can use structured references that reference table names in a formula. </p>
For more information, see Using structured references with Excel tables."
